SET NAMES utf8;
SET time_zone = '+00:00';
SET foreign_key_checks = 0;
SET sql_mode = 'NO_AUTO_VALUE_ON_ZERO';

DROP TABLE IF EXISTS `files`;
CREATE TABLE `files` (
  `id` int(11) NOT NULL AUTO_INCREMENT,
  `link` varchar(255) COLLATE utf8_unicode_ci NOT NULL,
  `project_id` int(11) DEFAULT NULL,
  `task_id` int(11) DEFAULT NULL,
  `related_to` varchar(255) COLLATE utf8_unicode_ci NOT NULL,
  PRIMARY KEY (`id`),
  KEY `project_id` (`project_id`),
  KEY `task_id` (`task_id`),
  CONSTRAINT `files_ibfk_1` FOREIGN KEY (`project_id`) REFERENCES `projects` (`id`),
  CONSTRAINT `files_ibfk_2` FOREIGN KEY (`task_id`) REFERENCES `tasks` (`id`)
) ENGINE=InnoDB DEFAULT CHARSET=utf8 COLLATE=utf8_unicode_ci;

INSERT INTO `files` (`id`, `link`, `project_id`, `task_id`, `related_to`) VALUES
(1,	'https://link1',	NULL,	1,	'task'),
(2,	'https://link2',	2,	NULL,	'project');

DROP TABLE IF EXISTS `projects`;
CREATE TABLE `projects` (
  `id` int(11) NOT NULL AUTO_INCREMENT,
  `name` varchar(255) COLLATE utf8_unicode_ci NOT NULL,
  `create_date` date NOT NULL,
  `author` int(11) NOT NULL,
  PRIMARY KEY (`id`),
  KEY `author` (`author`),
  CONSTRAINT `projects_ibfk_1` FOREIGN KEY (`author`) REFERENCES `users` (`id`)
) ENGINE=InnoDB DEFAULT CHARSET=utf8 COLLATE=utf8_unicode_ci;

INSERT INTO `projects` (`id`, `name`, `create_date`, `author`) VALUES
(1,	'Facebook',	'2023-05-12',	1),
(2,	'Instagram',	'2023-05-12',	2),
(3,	'YouTube',	'2023-05-12',	3);

DROP TABLE IF EXISTS `project_users`;
CREATE TABLE `project_users` (
  `id` int(11) NOT NULL AUTO_INCREMENT,
  `user_id` int(11) NOT NULL,
  `project_id` int(11) NOT NULL,
  PRIMARY KEY (`id`),
  KEY `user_id` (`user_id`),
  KEY `project_id` (`project_id`),
  CONSTRAINT `project_users_ibfk_1` FOREIGN KEY (`user_id`) REFERENCES `users` (`id`),
  CONSTRAINT `project_users_ibfk_2` FOREIGN KEY (`project_id`) REFERENCES `projects` (`id`)
) ENGINE=InnoDB DEFAULT CHARSET=utf8 COLLATE=utf8_unicode_ci;

INSERT INTO `project_users` (`id`, `user_id`, `project_id`) VALUES
(1,	1,	1),
(2,	2,	1),
(3,	3,	2);

DROP TABLE IF EXISTS `tasks`;
CREATE TABLE `tasks` (
  `id` int(11) NOT NULL AUTO_INCREMENT,
  `name` varchar(255) COLLATE utf8_unicode_ci NOT NULL,
  `create_date` date NOT NULL,
  `author` int(11) NOT NULL,
  `project_id` int(11) NOT NULL,
  PRIMARY KEY (`id`),
  KEY `author` (`author`),
  KEY `project_id` (`project_id`),
  CONSTRAINT `tasks_ibfk_1` FOREIGN KEY (`author`) REFERENCES `users` (`id`),
  CONSTRAINT `tasks_ibfk_2` FOREIGN KEY (`project_id`) REFERENCES `projects` (`id`)
) ENGINE=InnoDB DEFAULT CHARSET=utf8 COLLATE=utf8_unicode_ci;

INSERT INTO `tasks` (`id`, `name`, `create_date`, `author`, `project_id`) VALUES
(1,	'add registration',	'2023-05-12',	1,	1),
(2,	'add \'share\' feature',	'2023-05-12',	2,	2);

DROP TABLE IF EXISTS `task_users`;
CREATE TABLE `task_users` (
  `id` int(11) NOT NULL AUTO_INCREMENT,
  `user_id` int(11) NOT NULL,
  `task_id` int(11) NOT NULL,
  PRIMARY KEY (`id`),
  KEY `user_id` (`user_id`),
  KEY `task_id` (`task_id`),
  CONSTRAINT `task_users_ibfk_1` FOREIGN KEY (`user_id`) REFERENCES `users` (`id`),
  CONSTRAINT `task_users_ibfk_2` FOREIGN KEY (`task_id`) REFERENCES `tasks` (`id`)
) ENGINE=InnoDB DEFAULT CHARSET=utf8 COLLATE=utf8_unicode_ci;

INSERT INTO `task_users` (`id`, `user_id`, `task_id`) VALUES
(1,	1,	1),
(2,	2,	1),
(3,	3,	2);

DROP TABLE IF EXISTS `users`;
CREATE TABLE `users` (
  `id` int(11) NOT NULL AUTO_INCREMENT,
  `name` varchar(255) COLLATE utf8_unicode_ci NOT NULL,
  PRIMARY KEY (`id`)
) ENGINE=InnoDB DEFAULT CHARSET=utf8 COLLATE=utf8_unicode_ci;

INSERT INTO `users` (`id`, `name`) VALUES
(1,	'Ihor Vasilchenko'),
(2,	'Pavlo Vodolozskiy'),
(3,	'Illia Haran');